narrative,profile,total_agents,ever_infected,attack_rate,mean_time_in_I,total_infections,total_recoveries,correction_rate,mean_relapses
N1_conspiracies,immune,200,195,0.975,21.887179487179488,374,351,0.9385026737967914,1.105
N1_conspiracies,superspreader,150,146,0.9733333333333334,59.91095890410959,337,268,0.7952522255192879,1.3866666666666667
N1_conspiracies,moderate,500,496,0.992,36.03629032258065,1062,940,0.8851224105461394,1.3
N1_conspiracies,critical_thinker,100,99,0.99,23.818181818181817,193,179,0.927461139896373,1.2
N1_conspiracies,cynical_contrarian,50,50,1.0,43.64,106,90,0.8490566037735849,1.3
